{
  "total_samples": 704,
  "by_mode": {
    "Technical": 170,
    "Coding": 100,
    "Aptitude": 121,
    "HR": 101,
    "Reverse": 100,
    "Cultural": 100,
    "Logical Reasoning": 2,
    "General": 10
  },
  "avg_scores": {
    "Technical": {
      "overall": 0.5890531836216857,
      "clarity": 0.7804256274706545,
      "relevance": 0.43212480738151154
    },
    "Coding": {
      "overall": 0.666014627701238,
      "clarity": 0.6822203142734,
      "relevance": 0.6878308979235394
    },
    "Aptitude": {
      "overall": 0.658511385060121,
      "clarity": 0.7608603181260404,
      "relevance": 0.6185281891904387
    },
    "HR": {
      "overall": 0.6773601789543371,
      "clarity": 0.7035962921532828,
      "relevance": 0.6934285638443961
    },
    "Reverse": {
      "overall": 0.683460000184712,
      "clarity": 0.699928207195609,
      "relevance": 0.6950369749200843
    },
    "Cultural": {
      "overall": 0.6654916465785742,
      "clarity": 0.684450674212951,
      "relevance": 0.6742621523004526
    },
    "Logical Reasoning": {
      "overall": 0.4719754611398365,
      "clarity": 0.8736842105263158,
      "relevance": 0.0
    },
    "General": {
      "overall": 0.6282726408982696,
      "clarity": 0.8691607396870553,
      "relevance": 0.5
    }
  }
}